,PCA1,PCA3,IPCA1,IPCA3,IPCA5,CAPM,3F
SMALL LoPRIOR,-0.0629,-0.0537,-0.046,-0.0747,-0.027,-0.0007,-0.1866
ME1 PRIOR2,-0.0229,0.05,-0.1083,-0.0535,-0.0866,0.0196,-0.0623
ME1 PRIOR3,0.0059,0.1187,-0.0795,0.0561,0.0011,0.0492,0.0029
ME1 PRIOR4,-0.0533,0.1106,-0.1232,0.0888,0.0572,-0.0145,-0.0138
SMALL HiPRIOR,-0.6517,-0.3858,-0.6488,-0.3409,-0.2359,-0.6149,-0.5417
ME2 PRIOR1,0.0942,0.0119,0.1622,0.07,0.126,0.1203,-0.0616
ME2 PRIOR2,0.2403,0.2395,0.2126,0.2033,0.1835,0.2578,0.1716
ME2 PRIOR3,0.1087,0.1676,0.0792,0.1484,0.1062,0.123,0.0919
ME2 PRIOR4,-0.0171,0.0837,-0.0242,0.1225,0.1141,-0.0057,0.0036
ME2 PRIOR5,-0.3724,-0.1499,-0.3268,-0.1011,0.0166,-0.3692,-0.2602
ME3 PRIOR1,0.0582,-0.0943,0.1374,-0.0112,0.0454,0.0593,-0.1204
ME3 PRIOR2,0.2123,0.1434,0.199,0.1249,0.085,0.199,0.1173
ME3 PRIOR3,0.1726,0.1589,0.1701,0.1752,0.1112,0.1595,0.1239
ME3 PRIOR4,0.0059,0.0569,0.0177,0.096,0.0561,-0.0086,0.0102
ME3 PRIOR5,-0.32,-0.1297,-0.275,-0.1287,-0.0446,-0.3368,-0.2151
ME4 PRIOR1,0.0056,-0.2365,0.0808,-0.1313,-0.0708,-0.0283,-0.22
ME4 PRIOR2,0.3018,0.1676,0.3104,0.1744,0.1232,0.2609,0.1719
ME4 PRIOR3,0.1962,0.1268,0.1969,0.1347,0.0635,0.1502,0.1224
ME4 PRIOR4,0.0701,0.0808,0.0871,0.0981,0.0393,0.0232,0.0624
ME4 PRIOR5,-0.2369,-0.101,-0.1957,-0.1244,-0.0802,-0.2854,-0.1568
BIG LoPRIOR,-0.0295,-0.3301,-0.0364,-0.2915,-0.2591,-0.1036,-0.2951
ME5 PRIOR2,0.1783,-0.0088,0.1316,-0.0681,-0.1405,0.0896,0.011
ME5 PRIOR3,0.1816,0.0553,0.1287,-0.0042,-0.0872,0.0854,0.0747
ME5 PRIOR4,0.1323,0.0827,0.0932,0.0324,-0.0382,0.0332,0.0952
BIG HiPRIOR,-0.0373,0.0151,-0.0616,-0.068,-0.0695,-0.1441,0.0116
