,mean eta,mean eta,mean eta,mean eta,mean eta,mean eta,mean eta,mean alpha,mean alpha,mean alpha,mean alpha,mean alpha,mean alpha,mean alpha
,PCA1,PCA3,IPCA1,IPCA3,IPCA5,CAPM,3F,PCA1,PCA3,IPCA1,IPCA3,IPCA5,CAPM,3F
SMALL LoPRIOR,-0.3015,-0.1548,-0.3108,-0.1809,-0.14,-0.3649,-0.3128,-0.3108,-0.246,-0.3127,-0.2918,-0.1649,-0.1942,-0.3796
ME1 PRIOR2,0.0285,0.1523,-0.1062,0.0309,-0.0318,-0.0303,0.0426,0.024,0.0996,-0.0913,-0.0173,0.0074,0.1075,0.0049
ME1 PRIOR3,0.0605,0.1865,-0.075,0.0662,-0.0569,0.0094,0.0838,0.0521,0.1389,-0.0731,0.0459,-0.0179,0.1309,0.0491
ME1 PRIOR4,0.0322,0.1665,-0.0769,0.0896,0.0505,-0.0222,0.0542,0.0236,0.1452,-0.0885,0.0646,-0.0301,0.0982,0.051
SMALL HiPRIOR,-0.3629,-0.1716,-0.3539,-0.2133,-0.1739,-0.4133,-0.3229,-0.3748,-0.1566,-0.3674,-0.1565,-0.1449,-0.2862,-0.2889
ME2 PRIOR1,-0.0854,-0.0385,0.0061,0.0217,0.0844,-0.1651,-0.1404,-0.0999,-0.1381,-0.0088,-0.049,0.0832,-0.016,-0.2044
ME2 PRIOR2,0.1593,0.2071,0.1164,0.1658,0.1139,0.0846,0.1459,0.1492,0.1444,0.0987,0.1018,0.1012,0.2097,0.1014
ME2 PRIOR3,0.1521,0.1991,0.09,0.1696,0.1317,0.0794,0.1379,0.142,0.177,0.0788,0.1322,0.0588,0.199,0.1278
ME2 PRIOR4,0.0776,0.1377,0.0521,0.1451,0.1321,0.0013,0.0701,0.0643,0.127,0.0293,0.1285,0.0714,0.1128,0.0793
ME2 PRIOR5,-0.1879,-0.0838,-0.1313,-0.0842,0.0754,-0.2685,-0.1812,-0.2035,-0.0378,-0.1446,-0.0006,-0.0075,-0.1487,-0.121
ME3 PRIOR1,-0.1922,-0.2178,-0.1047,-0.1343,-0.0358,-0.2868,-0.2743,-0.2065,-0.2911,-0.1104,-0.1978,-0.1009,-0.1498,-0.3136
ME3 PRIOR2,0.2306,0.1899,0.1988,0.1861,0.0578,0.1283,0.1728,0.2192,0.1514,0.1892,0.1424,0.1182,0.2408,0.157
ME3 PRIOR3,0.1657,0.1329,0.1566,0.1524,0.0335,0.0686,0.1187,0.1548,0.1216,0.1342,0.1368,0.057,0.1748,0.1236
ME3 PRIOR4,0.0717,0.061,0.0569,0.0306,0.0063,-0.0263,0.0356,0.0605,0.0783,0.0489,0.0957,-0.0044,0.0775,0.0677
ME3 PRIOR5,-0.2,-0.1584,-0.1224,-0.1241,-0.0623,-0.294,-0.2123,-0.2157,-0.084,-0.1539,-0.0715,-0.0806,-0.1877,-0.137
ME4 PRIOR1,-0.258,-0.3762,-0.158,-0.2772,-0.2032,-0.3772,-0.402,-0.2686,-0.4413,-0.1649,-0.3053,-0.1198,-0.2515,-0.4195
ME4 PRIOR2,0.3189,0.2083,0.315,0.2122,0.1433,0.1982,0.2156,0.3106,0.1918,0.3169,0.2183,0.1485,0.3059,0.2261
ME4 PRIOR3,0.2807,0.1787,0.2654,0.146,0.066,0.1592,0.1914,0.2705,0.1913,0.2547,0.2034,0.1326,0.254,0.2244
ME4 PRIOR4,0.1907,0.1177,0.2096,0.1278,0.0865,0.0698,0.1167,0.1808,0.1595,0.1967,0.1903,0.0996,0.1608,0.1841
ME4 PRIOR5,-0.1592,-0.1921,-0.0663,-0.1569,-0.0896,-0.2806,-0.2258,-0.1677,-0.0858,-0.1127,-0.084,-0.1244,-0.178,-0.1067
BIG LoPRIOR,-0.0336,-0.25,-0.0035,-0.1831,-0.0935,-0.1834,-0.2524,-0.0362,-0.2469,-0.0228,-0.1977,-0.0125,-0.0652,-0.2099
ME5 PRIOR2,0.332,0.1403,0.2574,0.0853,0.072,0.1776,0.1641,0.322,0.1597,0.2701,0.1224,0.1294,0.2551,0.2063
ME5 PRIOR3,0.2832,0.1101,0.2368,0.0994,-0.0009,0.1328,0.1271,0.2738,0.1624,0.2207,0.1108,0.0613,0.2017,0.2067
ME5 PRIOR4,0.1731,0.0156,0.1525,0.0055,-0.0109,0.0186,0.0312,0.1682,0.1134,0.1395,0.0693,0.0037,0.0927,0.1577
BIG HiPRIOR,-0.0177,-0.1562,-0.0068,-0.2153,-0.1497,-0.1787,-0.1454,-0.0254,-0.0048,-0.0296,-0.0727,-0.1227,-0.1058,0.0228
